{"cameras":[{"focalLengthX":1337.07373046875,"imageHeight":1440,"imageWidth":1920,"imuToCamera":[[0,-1,0,0],[-1,0,0,0],[0,0,-1,0],[0,0,0,1]],"focalLengthY":1337.07373046875,"principalPointX":961.4844970703125,"model":"pinhole","principalPointY":722.174072265625},{"principalPointX":961.4844970703125,"model":"pinhole","imuToCamera":[[0,-1,0,0.10000000000000001],[-1,0,0,0],[0,0,-1,0],[0,0,0,1]],"imageWidth":1920,"focalLengthX":1337.07373046875,"imageHeight":1440,"principalPointY":722.174072265625,"focalLengthY":1337.07373046875}]}
